# IN,OUT (seconds)
2.901458,12.499853
20.82202,32.481353
