# IN,OUT (seconds)
1.060562,4.090166
6.078207,12.692311
