# IN,OUT (seconds)
2.8705,12.6655
44.257729,50.614083
