# IN,OUT (seconds)
1.034367701034368,12.24557891224558
